{
    "r2": 0.9020850744692717,
    "rmse": 4241.752152873149
}